use flightpub;
INSERT INTO `Countries` (`CountryCode2`, `CountryCode3`, `CountryName`, `AlternateName1`, `AlternateName2`, `MotherCountryCode3`, `MotherCountryComment`)
VALUES
	('AO','A','Anla','Republic of Anla','','',''),
	('AW','ABW','Aruba','','','NLD','Self-verning country in the Kingdom of the Netherlands'),
	('AF','AFG','Afghanistan','Islamic Republic of Afghanistan','','',''),
	('AI','AIA','Anguilla','','','GBR','UK overseas territory'),
	('AX','ALA','Åland Islands','Åland','','FIN','Autonomous province of Finland'),
	('AL','ALB','Albania','Republic of Albania','','',''),
	('AD','AND','Andorra','Principality of Andorra','','',''),
	('AN','ANT','Netherlands Antilles','','','NLD','Self-verning country in the Kingdom of the Netherlands'),
	('AE','ARE','United Arab Emirates','','','',''),
	('AR','ARG','Argentina','Argentine Republic','','',''),
	('AM','ARM','Armenia','Republic of Armenia','','',''),
	('AS','ASM','American Samoa','Territory of American Samoa','','USA','US territory'),
	('AQ','ATA','Antarctica','','','',''),
	('TF','ATF','French Southern Territories','','','FRA','French overseas collectivity'),
	('AG','ATG','Antigua and Barbuda','','','',''),
	('AU','AUS','Australia','Commonwealth of Australia','','',''),
	('AT','AUT','Austria','Republic of Austria','','',''),
	('AZ','AZE','Azerbaijan','Republic of Azerbaijan','','',''),
	('BI','BDI','Burundi','Republic of Burundi','','',''),
	('BE','BEL','Belgium','Kingdom of Belgium','','',''),
	('BJ','BEN','Benin','Republic of Benin','','',''),
	('BF','BFA','Burkina Faso','','','',''),
	('BD','BGD','Bangladesh','People\'s Republic of Bangladesh','','',''),
	('BG','BGR','Bulgaria','Republic of Bulgaria','','',''),
	('BH','BHR','Bahrain','Kingdom of Bahrain','','',''),
	('BS','BHS','Bahamas','The Bahamas','Commonwealth of The Bahamas','',''),
	('BA','BIH','Bosnia and Herzevina','Bosnia & Herzevina','','',''),
	('BY','BLR','Belarus','Republic of Belarus','','',''),
	('BZ','BLZ','Belize','','','',''),
	('BM','BMU','Bermuda','','','GBR','UK overseas territory'),
	('BO','BOL','Bolivia','Republic of Bolivia','','',''),
	('BR','BRA','Brazil','Federative Republic of Brazil','','',''),
	('BB','BRB','Barbados','','','',''),
	('BN','BRN','Brunei Darussalam','Brunei','Negara Brunei Darussalam','',''),
	('BT','BTN','Bhutan','Kingdom of Bhutan','','',''),
	('BV','BVT','Bouvet Island','','','NOR','Territory of Norway'),
	('BW','BWA','Botswana','Republic of Botswana','','',''),
	('CF','CAF','Central African Republic','','','',''),
	('CA','CAN','Canada','','','',''),
	('CC','CCK','Cocos (Keeling) Islands','Territory of Cocos (Keeling) Islands','Keeling Islands','AUS','Australian overseas territory'),
	('CH','CHE','Switzerland','Swiss Confederation','','',''),
	('CL','CHL','Chile','Republic of Chile','','',''),
	('CN','CHN','China','People\'s Republic of China','China, People\'s Republic of','',''),
	('CI','CIV','Côte d\'Ivoire','Republic of Côte d\'Ivoire','Ivory Coast','',''),
	('CM','CMR','Cameroon','Republic of Cameroon','','',''),
	('CD','COD','Democratic Republic of the Con','Zaire','Con, the Democratic Republic of','',''),
	('CG','COG','Con','Republic of the Con','Con, Republic of','',''),
	('CK','COK','Cook Islands','','','NZL','Associated state of New Zealand'),
	('CO','COL','Colombia','Republic of Colombia','','',''),
	('KM','COM','Comoros','Union of the Comoros','','',''),
	('CV','CPV','Cape Verde','Republic of Cape Verde','','',''),
	('CR','CRI','Costa Rica','Republic of Costa Rica','','',''),
	('CU','CUB','Cuba','Republic of Cuba','','',''),
	('CX','CXR','Christmas Island','Territory of Christmas Island','','AUS','Australian overseas territory'),
	('KY','CYM','Cayman Islands','','','GBR','UK overseas territory'),
	('CY','CYP','Cyprus','Republic of Cyprus','','',''),
	('CZ','CZE','Czech Republic','','','',''),
	('DE','DEU','Germany','Federal Republic of Germany','','',''),
	('DJ','DJI','Djibouti','Republic of Djibouti','','',''),
	('DM','DMA','Dominica','Commonwealth of Dominica','','',''),
	('DK','DNK','Denmark','Kingdom of Denmark','','',''),
	('DO','DOM','Dominican Republic','','','',''),
	('DZ','DZA','Algeria','People\'s Democratic Republic of Algeria','','',''),
	('EC','ECU','Ecuador','Republic of Ecuador','','',''),
	('EG','EGY','Egypt','Arab Republic of Egypt','','',''),
	('EN','ENG','England','','','GBR','UK territory'),
	('ER','ERI','Eritrea','State of Eritrea','','',''),
	('EH','ESH','Western Sahara','Sahrawi Arab Democratic Republic','','',''),
	('ES','ESP','Spain','Kingdom of Spain','','',''),
	('EE','EST','Estonia','Republic of Estonia','','',''),
	('ET','ETH','Ethiopia','Federal Democratic Republic of Ethiopia','','',''),
	('FI','FIN','Finland','Republic of Finland','','',''),
	('FJ','FJI','Fiji','Republic of the Fiji Islands','','',''),
	('FK','FLK','Falkland Islands (Malvinas)','Malvinas','Falkland Islands','GBR','UK overseas territory'),
	('FR','FRA','France','French Republic','','',''),
	('FO','FRO','Faroe Islands','','','DNK','Self-verning country in the Kingdom of Denmark'),
	('FM','FSM','Micronesia, Federated States of','Federated States of Micronesia','','',''),
	('GA','GAB','Gabon','Gabonese Republic','','',''),
	('GB','GBR','United Kingdom','United Kingdom of Great Britain and Northern Ireland','Great Britain','',''),
	('GE','GEO','Georgia','','','',''),
	('GG','GGY','Guernsey','Bailiwick of Guernsey','','GBR','British Crown dependency'),
	('GH','GHA','Ghana','Republic of Ghana','','',''),
	('GI','GIB','Gibraltar','','','GBR','UK overseas territory'),
	('GN','GIN','Guinea','Republic of Guinea','','',''),
	('GP','GLP','Guadeloupe','','','',''),
	('GM','GMB','Gambia','Republic of The Gambia','The Gambia','',''),
	('GW','GNB','Guinea-Bissau','Republic of Guinea-Bissau','','',''),
	('GQ','GNQ','Equatorial Guinea','Republic of Equatorial Guinea','','',''),
	('GR','GRC','Greece','Hellenic Republic','','',''),
	('GD','GRD','Grenada','','','',''),
	('GL','GRL','Greenland','','','DNK','Self-verning country in the Kingdom of Denmark'),
	('GT','GTM','Guatemala','Republic of Guatemala','','',''),
	('GF','GUF','French Guiana','','','',''),
	('GU','GUM','Guam','Territory of Guam','','USA','US organized territory'),
	('GY','GUY','Guyana','Co-operative Republic of Guyana','','',''),
	('HK','HKG','Hong Kong','Hong Kong Special Administrative Region of the People\'s Republic of China','','CHN','Area of special sovereignty'),
	('HM','HMD','Heard Island and McDonald Islands','','','AUS','Australian overseas territory'),
	('HN','HND','Honduras','Republic of Honduras','','',''),
	('HR','HRV','Croatia','Republic of Croatia','','',''),
	('HT','HTI','Haiti','Republic of Haiti','','',''),
	('HU','HUN','Hungary','Republic of Hungary','','',''),
	('ID','IDN','Indonesia','Republic of Indonesia','','',''),
	('IM','IMN','Isle of Man','','','GBR','British Crown dependency'),
	('IN','IND','India','Republic of India','','',''),
	('IO','IOT','British Indian Ocean Territory','','','GBR','UK overseas territory'),
	('IE','IRL','Ireland','Eire','','',''),
	('IR','IRN','Iran, Islamic Republic of','Islamic Republic of Iran','','',''),
	('IQ','IRQ','Iraq','Republic of Iraq','','',''),
	('IS','ISL','Iceland','Republic of Iceland','','',''),
	('IL','ISR','Israel','State of Israel','','',''),
	('IT','ITA','Italy','Italian Republic','','',''),
	('JM','JAM','Jamaica','','','',''),
	('JE','JEY','Jersey','Bailiwick of Jersey','','GBR','British Crown dependency'),
	('JO','JOR','Jordan','Hashemite Kingdom of Jordan','','',''),
	('JP','JPN','Japan','','','',''),
	('KZ','KAZ','Kazakhstan','Republic of Kazakhstan','','',''),
	('KE','KEN','Kenya','Republic of Kenya','','',''),
	('KG','KGZ','Kyrgyzstan','Kyrgyz Republic','','',''),
	('KH','KHM','Cambodia','Kingdom of Cambodia','','',''),
	('KI','KIR','Kiribati','Republic of Kiribati','','',''),
	('KN','KNA','Saint Kitts and Nevis','Federation of Saint Christopher and Nevis','','',''),
	('KR','KOR','Republic of Korea','Korea','South Korea','',''),
	('KW','KWT','Kuwait','State of Kuwait','','',''),
	('LA','LAO','Lao People\'s Democratic Republic','Laos','','',''),
	('LB','LBN','Lebanon','Republic of Lebanon','The Lebanon','',''),
	('LR','LBR','Liberia','Republic of Liberia','','',''),
	('LY','LBY','Libyan Arab Jamahiriya','Libya','Great Socialist People\'s Libyan Arab Jamahiriya','',''),
	('LC','LCA','Saint Lucia','','','',''),
	('LI','LIE','Liechtenstein','Principality of Liechtenstein','','',''),
	('LK','LKA','Sri Lanka','Democratic Socialist Republic of Sri Lanka','','',''),
	('LS','LSO','Lesotho','Kingdom of Lesotho','','',''),
	('LT','LTU','Lithuania','Republic of Lithuania','','',''),
	('LU','LUX','Luxembourg','Grand Duchy of Luxembourg','','',''),
	('LV','LVA','Latvia','Republic of Latvia','','',''),
	('MO','MAC','Macao','Macao Special Administrative Region of the People\'s Republic of China','','CHN','Area of special sovereignty'),
	('MA','MAR','Morocco','Kingdom of Morocco','','',''),
	('MC','MCO','Monaco','Principality of Monaco','','',''),
	('MD','MDA','Moldova, Republic of','Republic of Moldova','','',''),
	('MG','MDG','Madagascar','Republic of Madagascar','','',''),
	('MV','MDV','Maldives','Republic of Maldives','','',''),
	('MX','MEX','Mexico','United Mexican States','','',''),
	('MH','MHL','Marshall Islands','Republic of the Marshall Islands','','',''),
	('MK','MKD','Macedonia, the former Yuslav Republic of','Republic of Macedonia','Macedonia','',''),
	('ML','MLI','Mali','Republic of Mali','','',''),
	('MT','MLT','Malta','Republic of Malta','','',''),
	('MM','MMR','Myanmar','Burma','Union of Myanmar','',''),
	('ME','MNE','Montenegro','Republic of Montenegro','','',''),
	('MN','MNG','Monlia','','','',''),
	('MP','MNP','Northern Mariana Islands','','','USA','US organized territory'),
	('MZ','MOZ','Mozambique','Republic of Mozambique','','',''),
	('MR','MRT','Mauritania','Islamic Republic of Mauritania','','',''),
	('MS','MSR','Montserrat','','','GBR','UK overseas territory'),
	('MQ','MTQ','Martinique','','','',''),
	('MU','MUS','Mauritius','Republic of Mauritius','','',''),
	('MW','MWI','Malawi','Republic of Malawi','','',''),
	('MY','MYS','Malaysia','','','',''),
	('YT','MYT','Mayotte','Departmental Collectivity of Mayotte','','FRA','French overseas collectivity'),
	('NA','NAM','Namibia','Republic of Namibia','','',''),
	('NC','NCL','New Caledonia','Territory of New Caledonia and Dependencies','','FRA','French community sui generis'),
	('NE','NER','Niger','Republic of Niger','','',''),
	('NF','NFK','Norfolk Island','Territory of Norfolk Island','','AUS','Australian overseas territory'),
	('NG','NGA','Nigeria','Federal Republic of Nigeria','','',''),
	('NI','NIC','Nicaragua','Republic of Nicaragua','','',''),
	('ND','NIR','Northern Island','','','GBR','UK territory'),
	('NU','NIU','Niue','','','NZL','Associated state of New Zealand'),
	('NL','NLD','Netherlands','The Netherlands','Holland','',''),
	('NO','NOR','Norway','Kingdom of Norway','','',''),
	('NP','NPL','Nepal','State of Nepal','','',''),
	('NR','NRU','Nauru','Republic of Nauru','','',''),
	('NZ','NZL','New Zealand','','','',''),
	('OM','OMN','Oman','Sultanate of Oman','','',''),
	('PK','PAK','Pakistan','Islamic Republic of Pakistan','','',''),
	('PA','PAN','Panama','Republic of Panama','','',''),
	('PN','PCN','Pitcairn','Pitcairn, Henderson, Ducie, and Oeno Islands','','GBR','UK overseas territory'),
	('PE','PER','Peru','Republic of Peru','','',''),
	('PH','PHL','Philippines','Republic of the Philippines','','',''),
	('PW','PLW','Palau','Republic of Palau','','USA','US organized territory'),
	('PG','PNG','Papua New Guinea','Independent State of Papua New Guinea','','',''),
	('PL','POL','Poland','Republic of Poland','','',''),
	('PR','PRI','Puerto Rico','Commonwealth of Puerto Rico','','USA','US commonwealth'),
	('KP','PRK','Korea, Democratic People\'s Republic of','Democratic People\'s Republic of Korea','North Korea','',''),
	('PT','PRT','Portugal','Portuguese Republic','','',''),
	('PY','PRY','Paraguay','Republic of Paraguay','','',''),
	('PS','PSE','Palestinian Territory, Occupied','State of Palestine','Palestine','',''),
	('PF','PYF','French Polynesia','','','FRA','French overseas collectivity'),
	('QA','QAT','Qatar','State of Qatar','','',''),
	('RE','REU','Réunion','Reunion Island','','',''),
	('RO','ROU','Romania','','','',''),
	('RU','RUS','Russian Federation','The Russian Federation','Russia','',''),
	('RW','RWA','Rwanda','Republic of Rwanda','','',''),
	('SA','SAU','Saudi Arabia','Kingdom of Saudi Arabia','','',''),
	('SS','SCO','Scotland','','','GBR','UK territory'),
	('SD','SDN','Sudan','Republic of the Sudan','','',''),
	('SN','SEN','Senegal','Republic of Senegal','','',''),
	('SG','SGP','Singapore','Republic of Singapore','','',''),
	('GS','SGS','South Georgia and the South Sandwich Islands','','','GBR','UK overseas territory'),
	('SH','SHN','Saint Helena','','','GBR','UK overseas territory'),
	('SJ','SJM','Svalbard and Jan Mayen','Svalbard','','NOR','Territory of Norway'),
	('SB','SLB','Solomon Islands','','','',''),
	('SL','SLE','Sierra Leone','Republic of Sierra Leone','','',''),
	('SV','SLV','El Salvador','Republic of El Salvador','','',''),
	('SM','SMR','San Marino','Most Serene Republic of San Marino','','',''),
	('SO','SOM','Somalia','','','',''),
	('PM','SPM','Saint Pierre and Miquelon','Territorial Collectivity of Saint Pierre and Miquelon','','FRA','French overseas collectivity'),
	('RS','SRB','Serbia','Republic of Serbia','Yuslavia','',''),
	('ST','STP','Sao Tome and Principe','Democratic Republic of São Tomé and Príncipe','','',''),
	('SR','SUR','Suriname','Republic of Suriname','','',''),
	('SK','SVK','Slovakia','Slovak Republic','','',''),
	('SI','SVN','Slovenia','Republic of Slovenia','','',''),
	('SE','SWE','Sweden','Kingdom of Sweden','','',''),
	('SZ','SWZ','Swaziland','Kingdom of Swaziland','','',''),
	('SC','SYC','Seychelles','Republic of Seychelles','','',''),
	('SY','SYR','Syrian Arab Republic','Syria','','',''),
	('TG','T','To','Tolese Republic','','',''),
	('TC','TCA','Turks and Caicos Islands','','','GBR','UK overseas territory'),
	('TD','TCD','Chad','Republic of Chad','','',''),
	('TH','THA','Thailand','Kingdom of Thailand','','',''),
	('TJ','TJK','Tajikistan','Republic of Tajikistan','','',''),
	('TK','TKL','Tokelau','','','NZL','Overseas territory of New Zealand'),
	('TM','TKM','Turkmenistan','','','',''),
	('TL','TLS','Timor-Leste','East Timor','Democratic Republic of Timor-Leste','',''),
	('TO','TON','Tonga','Kingdom of Tonga','','',''),
	('TT','TTO','Trinidad and Toba','Republic of Trinidad and Toba','','',''),
	('TN','TUN','Tunisia','Tunisian Republic','','',''),
	('TR','TUR','Turkey','Republic of Turkey','','',''),
	('TV','TUV','Tuvalu','','','',''),
	('TW','TWN','Taiwan','Taiwan, Province of China','','',''),
	('TZ','TZA','Tanzania, United Republic of','United Republic of Tanzania','','',''),
	('UG','UGA','Uganda','Republic of Uganda','','',''),
	('UA','UKR','Ukraine','','','',''),
	('UM','UMI','United States Minor Outlying Islands','','','USA','US organized territory'),
	('UY','URY','Uruguay','Eastern Republic of Uruguay','','',''),
	('US','USA','United States','United States of America','U.S.A.','',''),
	('UZ','UZB','Uzbekistan','Republic of Uzbekistan','','',''),
	('VA','VAT','Holy See (Vatican City State)','Vatican City State','Holy See','',''),
	('VC','VCT','Saint Vincent and the Grenadines','','','',''),
	('VE','VEN','Venezuela','Bolivarian Republic of Venezuela','','',''),
	('VG','VGB','Virgin Islands, British','British Virgin Islands','','GBR','UK overseas territory'),
	('VI','VIR','Virgin Islands, U.S.','United States Virgin Islands','','USA','US organized territory'),
	('VN','VNM','Viet Nam','Vietnam','Socialist Republic of Vietnam','',''),
	('VU','VUT','Vanuatu','Republic of Vanuatu','','',''),
	('WA','WAL','Wales','','','GBR','UK territory'),
	('WF','WLF','Wallis and Futuna','Territory of Wallis and Futuna Islands','','FRA','French overseas collectivity'),
	('WS','WSM','Samoa','Independent State of Samoa','','',''),
	('YE','YEM','Yemen','Republic of Yemen','','',''),
	('ZA','ZAF','South Africa','Republic of South Africa','','',''),
	('ZM','ZMB','Zambia','Republic of Zambia','','',''),
	('ZW','ZWE','Zimbabwe','Republic of Zimbabwe','','','');

	INSERT INTO `Airlines` (`AirlineCode`, `AirlineName`, `CountryCode3`, `Sponsored`)
VALUES
	('AA','American Airlines','USA', false),
	('AC','Air Canada','CAN',false),
	('AF','Air France','FRA',false),
	('AI','Air India','IND',false),
	('AM','Air Mexico','MEX',false),
	('AR','Aerolineas Argentinas','ARG',false),
	('AY','Finnair','FIN',false),
	('BA','British Airways','GBR',false),
	('CA','Air China','CHN',false),
	('CI','China Airlines','CHN',false),
	('CO','Continental Airlines','USA',false),
	('CX','Cathay Pacific Airways','CHN',false),
	('DJ','Virgin Blue','AUS',false),
	('DL','Delta Air Lines','USA',false),
	('EI','Aer Lingus','IRL',false),
	('EK','Qatar Airways','QAT',false),
	('IB','Iberia','ESP',false),
	('JL','Japan Airlines','JPN',false),
	('JQ','Jetstar Airlines','AUS',false),
	('KE','Korean Airlines','KOR',false),
	('KL','KLM-Royal Dutch Airlines','NLD',false),
	('LH','Lufthansa','DEU',false),
	('LY','El Al Israel Airlines','ISR',false),
	('MH','Malaysia Airlines','MYS',false),
	('MS','Egyptair','EGY',false),
	('MX','Mexicana de Aviacion','MEX',false),
	('NA','North American Airlines','USA',false),
	('NW','Northwest Airlines','USA',false),
	('NZ','Air New Zealand','NZL',false),
	('OS','Austrian Airlines','AUT',false),
	('PR','Philippine Airlines','PHL',false),
	('QF','Qantas Airways','AUS',false),
	('QR','Emirates Airlines','ARE',false),
	('RJ','Royal Jordanian','JOR',false),
	('SA','South African','ZAF',false),
	('SK','SAS-Scandinavian Airlines','SWE',false),
	('SQ','Singapore Airlines','SGP',false),
	('SU','Aeroflot','RUS',false),
	('TG','Thai Airways','THA',false),
	('TK','Turkish Airlines','TUR',false),
	('TW','Trans World Airlines','USA',false),
	('UA','United Airlines','USA',false),
	('VH','Aeropostal Alas de Venezuela','VEN',false),
	('VS','Virgin Atlantic Airways','GBR',false);


	INSERT INTO `PlaneTypes` (`PlaneCode`, `PlaneType`, `NumFirstClass`, `NumBusiness`, `NumPremiumEconomy`, `NumEconomy`)
VALUES
	('747-100','Boeing 747-100',55,58,100,210),
	('757-200','Boeing 757-200',44,26,106,197),
	('757-300','Boeing 757-300',44,28,106,197),
	('767-200','Boeing 767-200',40,48,115,189),
	('767-300','Boeing 767-300',42,33,132,211),
	('767-400','Boeing 767-400',42,50,121,220),
	('A330-200','Airbus A330-200',42,40,120,177),
	('A330-300','Airbus A330-300',44,46,91,210),
	('A340-200','Airbus A340-200',42,50,124,208),
	('A340-300','Airbus A340-300',41,36,112,196),
	('A340-500','Airbus A340-500',39,62,131,187),
	('A340-600','Airbus A340-600',35,55,98,200),
	('A380','Airbus A380',46,47,111,203);

	INSERT INTO `Locations` (`LocationName`,`LocationCode`,`Airport`,`Restricted`,`CountryCode3`)
VALUES
	('Adelaide','ADL','Adelaide',false,'AUS'),
	('Amsterdam','AMS','Amsterdam',false,'NLD'),
	('Atlanta','ATL','Atlanta',false,'USA'),
	('Bangkok','BKK','Bangkok',false,'THA'),
	('Brisbane','BNE','Brisbane',false,'AUS'),
	('Canberra','CBR','Canberra',false,'AUS'),
	('Paris','CDG','Paris - Charles De Gaulle',false,'FRA'),
	('Cairns','CNS','Cairns',false,'AUS'),
	('Doha','DOH','Doha',false,'QAT'),
	('Darwin','DRW','Darwin',false,'AUS'),
	('Dubai','DXB','Dubai',false,'ARE'),
	('Rome','FCO','Rome-Fiumicino',false,'ITA'),
	('Rio De Janeiro','GIG','Rio De Janeiro',false,'BRA'),
	('Hobart','HBA','Hobart',false,'AUS'),
	('Helsinki','HEL','Helsinki',false,'FIN'),
	('Hong Kong','HKG','Hong Kong',false,'CHN'),
	('Honolulu','HNL','Honolulu',false,'USA'),
	('New York','JFK','New York - JFK',false,'USA'),
	('Johannesburg','JNB','Johannesburg',false,'ZAF'),
	('Kuala Lumpur','KUL','Kuala Lumpur',false,'MYS'),
	('Los Angeles','LAX','Los Angeles',false,'USA'),
	('New York','LGA','New York - Laguardia',false,'USA'),
	('London','LGW','London-Gatwick',false,'GBR'),
	('London','LHR','London-Heathrow',false,'GBR'),
	('Madrid','MAD','Madrid',false,'ESP'),
	('Melbourne','MEL','Melbourne',false,'AUS'),
	('Miami','MIA','Miami',false,'USA'),
	('Munich','MUC','Munich',false,'DEU'),
	('Tokyo','NRT','Tokyo - Narita',false,'JPN'),
	('Gold Coast','OOL','Gold Coast',false,'AUS'),
	('Chicago','ORD','Chicago - OHare Intl.',false,'USA'),
	('Paris','ORY','Paris - Orly',false,'FRA'),
	('Perth','PER','Perth',false,'AUS'),
	('San Francisco','SFO','San Francisco',false,'USA'),
	('Singapore','SIN','Singapore',false,'SGP'),
	('Sydney','SYD','Sydney',false,'AUS'),
	('Vienna','VIE','Vienna',false,'AUT'),
	('Toronto','YYZ','Toronto',false,'CAN');

	INSERT INTO `Distances` (`LocationId1`, `LocationId2`, `DistanceInKms`)
VALUES
	('1','6',957),
	('1','10',2616),
	('1','33',2129),
	('2','7',427),
	('2','12',1307),
	('2','15',1503),
	('2','25',1479),
	('2','28',666),
	('2','32',427),
	('3','27',974),
	('3','38',1122),
	('4','16',1725),
	('4','20',1185),
	('4','29',4605),
	('4','34',12700),
	('4','35',1429),
	('5','1',1597),
	('5','3',14537),
	('5','4',7278),
	('5','6',939),
	('5','9',12324),
	('5','10',2847),
	('5','13',14136),
	('5','16',6925),
	('5','17',7566),
	('5','18',15493),
	('5','19',11628),
	('5','20',6456),
	('5','21',11559),
	('5','22',15493),
	('5','27',14753),
	('5','29',7155),
	('5','31',14355),
	('5','33',3601),
	('5','34',11390),
	('5','35',6145),
	('5','38',15075),
	('6','10',3131),
	('6','30',892),
	('7','12',1120),
	('7','25',1053),
	('7','28',685),
	('7','32',0),
	('12','28',708),
	('15','7',1908),
	('15','12',2208),
	('15','25',2948),
	('15','28',1589),
	('15','32',1908),
	('16','20',2513),
	('16','29',2886),
	('16','35',2582),
	('17','3',7224),
	('17','27',7810),
	('17','38',7535),
	('18','3',1202),
	('18','17',7976),
	('18','22',0),
	('18','27',1760),
	('18','31',1144),
	('18','38',468),
	('20','29',5320),
	('20','35',312),
	('21','3',3107),
	('21','17',4117),
	('21','18',3933),
	('21','22',3933),
	('21','27',3755),
	('21','31',2800),
	('21','38',3527),
	('22','3',1202),
	('22','17',7976),
	('22','27',1760),
	('22','31',1144),
	('22','38',468),
	('23','2',359),
	('23','3',6763),
	('23','4',9530),
	('23','7',342),
	('23','9',5212),
	('23','12',1448),
	('23','13',9269),
	('23','15',1823),
	('23','16',9625),
	('23','17',11624),
	('23','18',5560),
	('23','19',9059),
	('23','20',10542),
	('23','21',8747),
	('23','22',5560),
	('23','25',1262),
	('23','27',7119),
	('23','28',920),
	('23','29',9558),
	('23','31',6347),
	('23','32',342),
	('23','34',8608),
	('23','35',10871),
	('23','37',1234),
	('23','38',5727),
	('24','2',359),
	('24','3',6763),
	('24','4',9530),
	('24','7',342),
	('24','9',5212),
	('24','12',1448),
	('24','13',9269),
	('24','15',1823),
	('24','16',9625),
	('24','17',11624),
	('24','18',5560),
	('24','19',9059),
	('24','20',10542),
	('24','21',8747),
	('24','22',5560),
	('24','23',0),
	('24','25',1262),
	('24','27',7119),
	('24','28',920),
	('24','29',9558),
	('24','31',6347),
	('24','32',342),
	('24','34',8608),
	('24','35',10871),
	('24','37',1234),
	('24','38',5727),
	('25','12',1370),
	('25','28',1483),
	('26','1',651),
	('26','2',16533),
	('26','3',15580),
	('26','4',7363),
	('26','5',1367),
	('26','6',464),
	('26','7',16779),
	('26','9',11970),
	('26','10',3143),
	('26','12',15962),
	('26','13',13204),
	('26','15',15192),
	('26','16',7406),
	('26','17',8870),
	('26','18',16661),
	('26','19',10326),
	('26','20',6360),
	('26','21',12764),
	('26','22',16661),
	('26','23',16893),
	('26','24',16893),
	('26','25',17296),
	('26','27',15577),
	('26','28',16105),
	('26','29',8179),
	('26','31',15559),
	('26','32',16779),
	('26','33',2719),
	('26','34',12647),
	('26','35',6064),
	('26','37',15752),
	('26','38',16287),
	('27','38',1905),
	('31','3',946),
	('31','17',6832),
	('31','27',1915),
	('31','38',727),
	('32','12',1120),
	('32','25',1053),
	('32','28',685),
	('33','2',14133),
	('33','3',18102),
	('33','4',5333),
	('33','6',3086),
	('33','7',14270),
	('33','9',9322),
	('33','10',2649),
	('33','12',13318),
	('33','13',13514),
	('33','15',13084),
	('33','16',6025),
	('33','17',10900),
	('33','18',18686),
	('33','19',8312),
	('33','20',4175),
	('33','21',15013),
	('33','22',18686),
	('33','23',14472),
	('33','24',14472),
	('33','25',14604),
	('33','27',18296),
	('33','28',13585),
	('33','29',7915),
	('33','31',17650),
	('33','32',14270),
	('33','34',14733),
	('33','35',3905),
	('33','37',13246),
	('33','38',18226),
	('34','3',3433),
	('34','17',3852),
	('34','18',4125),
	('34','21',558),
	('34','22',4125),
	('34','27',4165),
	('34','31',2981),
	('34','38',3689),
	('35','29',5317),
	('36','1',1167),
	('36','2',16631),
	('36','3',14935),
	('36','4',7528),
	('36','5',728),
	('36','6',246),
	('36','7',16949),
	('36','9',12373),
	('36','10',3146),
	('36','12',16300),
	('36','13',13512),
	('36','15',15188),
	('36','16',7363),
	('36','17',8160),
	('36','18',15979),
	('36','19',11036),
	('36','20',6608),
	('36','21',12092),
	('36','22',15979),
	('36','23',16984),
	('36','24',16984),
	('36','25',17670),
	('36','26',713),
	('36','27',15016),
	('36','28',16316),
	('36','29',7817),
	('36','30',679),
	('36','31',14865),
	('36','32',16949),
	('36','33',3286),
	('36','34',11940),
	('36','35',6296),
	('36','37',15964),
	('36','38',15593),
	('37','2',931),
	('37','7',1032),
	('37','12',775),
	('37','15',1434),
	('37','25',1809),
	('37','28',354),
	('37','32',1032);

INSERT INTO `Flights` (`FlightCode`,`DepartureId`,`DestinationId`,`DepartureDateTime`,`DestinationDateTime`,`StopOverId`,`AirlineCode`,`PlaneCode`,`Duration`)
VALUES
	('AA724','22','21','2022-10-08 11:55:00','2022-10-08 19:35:00',null,'AA','747-100','07:40:00'),
	('AA842','22','36','2022-11-12 11:55:00','2022-11-12 19:35:00',null,'AA','767-300','07:40:00'),
	('AA168','18','21','2022-12-19 18:35:00','2022-12-19 20:40:00',null,'AA','A380','02:05:00'),
	('AA354','18','23','2022-10-08 11:55:00','2022-10-08 19:35:00',null,'AA','A330-200','07:40:00'),
	('AA422','22','6','2022-11-12 11:55:00','2022-11-12 19:35:00',null,'AA','747-100','07:40:00'),
	('EK698','36','32','2022-12-19 18:35:00','2022-12-19 20:40:00',null,'EK','767-300','02:05:00'),
	('EK715','23','30','2022-12-06 18:35:00','2022-12-06 20:40:00',null,'EK','A380','02:05:00'),
	('EK458','7','23','2014-11-23 18:35:00','2022-11-24 09:35:00',null,'EK','A330-200','15:00:00'),
	('EK623','29','18','2022-10-08 11:55:00','2022-10-08 19:35:00',null,'EK','747-100','07:40:00'),
	('EK119','18','7','2022-11-12 11:55:00','2022-11-12 19:35:00',null,'EK','767-300','07:40:00'),
	('QF902','36','29','2022-12-19 18:35:00','2022-12-19 20:40:00',null,'QF','A380','02:05:00'),
	('QF940','26','36','2022-12-06 18:35:00','2022-12-06 20:40:00',null,'QF','A330-200','02:05:00'),
	('QF420','6','1','2022-12-19 18:35:00','2022-12-19 20:40:00',null,'QF','747-100','02:05:00'),
	('QF680','30','23','2014-11-23 18:35:00','2022-11-24 09:35:00',null,'QF','767-300','15:00:00'),
	('QF337','5','26','2022-11-12 11:55:00','2022-11-12 19:35:00',null,'QF','A380','07:40:00'),
	('JQ259','30','6','2022-10-08 11:55:00','2022-10-08 19:35:00',null,'JQ','A330-200','07:40:00'),
	('JQ861','26','30','2022-11-12 11:55:00','2022-11-12 19:35:00',null,'JQ','747-100','07:40:00'),
	('JQ267','14','1','2022-12-19 18:35:00','2022-12-19 20:40:00',null,'JQ','767-300','02:05:00'),
	('JQ158','5','36','2022-12-06 18:35:00','2022-12-06 20:40:00',null,'JQ','A380','02:05:00'),
	('JQ956','36','26','2014-11-23 18:35:00','2022-11-24 09:35:00',null,'JQ','A330-200','15:00:00');

	INSERT INTO `descriptors` (`CategoryId`, `Name`)
VALUES
	('1','Hot'),
	('1','Cold'),
	('1','Temperate'),
	('1','Tropical'),
	('2','Aquatic'),
	('2','Grasslands'),
	('2','Forest'),
	('2','Desert'),
	('2','Tundra'),
	('2','Metropoliton'),
	('3','Family'),
	('3','Outdoors'),
	('3','Art/Culture'),
	('3','History'),
	('3','Food/Drink'),
	('3','Sports'),
	('3','Tourism'),
	('3','Romance');

	INSERT INTO `LocationDescriptors` (`DescriptorId`,`LocationId`)
VALUES
	('1','1'),
	('5','1'),
	('11','1'),
	('12','1'),
	('15','1'),
	('17','1'),
	('2','6'),
	('10','6'),
	('13','6'),
	('14','6'),
	('17','6'),
	('2','7'),
	('10','7'),
	('11','7'),
	('13','7'),
	('15','7'),
	('17','7'),
	('18','7'),
	('2','14'),
	('5','14'),
	('7','14'),
	('11','14'),
	('12','14'),
	('14','14'),
	('15','14'),
	('17','14'),
	('1','18'),
	('2','18'),
	('10','18'),
	('15','18'),
	('17','18'),
	('1','22'),
	('2','22'),
	('10','22'),
	('15','22'),
	('17','22'),
	('4','30'),
	('5','30'),
	('10','30'),
	('17','30'),
	('2','32'),
	('10','32'),
	('11','32'),
	('13','32'),
	('15','32'),
	('17','32'),
	('18','32'),
	('3','36'),
	('10','36'),
	('13','36'),
	('15','36'),
	('16','36'),
	('17','36');

    INSERT INTO `tickets` (`ticketCode`, `ticketClass`, `price`, `booked`, `transferrable`, `exchangeable`, `refundable`, `accountId`, `personType`, `specialRequests`, `dietaryPreferences`, `carryOnBaggage`, `checkedBaggage`)
VALUES 
    ('0ECO-0','economy','96.0',false,false,false,false,null,null,null,null,true,true,'1',null),
	('0ECO-1','economy','79.0',false,false,false,false,null,null,null,null,true,true,'1',null),
	('0ECO-2','economy','79.0',false,false,false,false,null,null,null,null,true,true,'1',null),
	('0ECO-3','economy','90.0',false,false,false,false,null,null,null,null,true,true,'1',null),
	('0ECO-4','economy','106.0',false,false,false,false,null,null,null,null,true,true,'1',null),
	('0ECO-5','economy','115.0',false,false,false,false,null,null,null,null,true,true,'1',null),
	('0ECO-6','economy','108.0',false,false,false,false,null,null,null,null,true,true,'1',null),
	('0ECO-7','economy','97.0',false,false,false,false,null,null,null,null,true,true,'1',null),
	('0ECO-8','economy','80.0',false,false,false,false,null,null,null,null,true,true,'1',null),
	('0ECO-9','economy','92.0',false,false,false,false,null,null,null,null,true,true,'1',null),
	('0BUS-0','business','150.0',false,false,false,false,null,null,null,null,true,true,'1',null),
	('0BUS-1','business','163.0',false,false,false,false,null,null,null,null,true,true,'1',null),
	('0BUS-2','business','143.0',false,false,false,false,null,null,null,null,true,true,'1',null),
	('0BUS-3','business','156.0',false,false,false,false,null,null,null,null,true,true,'1',null),
	('0BUS-4','business','163.0',false,false,false,false,null,null,null,null,true,true,'1',null),
	('0BUS-5','business','153.0',false,false,false,false,null,null,null,null,true,true,'1',null),
	('0BUS-6','business','131.0',false,false,false,false,null,null,null,null,true,true,'1',null),
	('0BUS-7','business','158.0',false,false,false,false,null,null,null,null,true,true,'1',null),
	('0BUS-8','business','145.0',false,false,false,false,null,null,null,null,true,true,'1',null),
	('0BUS-9','business','154.0',false,false,false,false,null,null,null,null,true,true,'1',null),
	('0FST-0','firstclass','223.0',false,false,false,false,null,null,null,null,true,true,'1',null),
	('0FST-1','firstclass','206.0',false,false,false,false,null,null,null,null,true,true,'1',null),
	('0FST-2','firstclass','173.0',false,false,false,false,null,null,null,null,true,true,'1',null),
	('0FST-3','firstclass','169.0',false,false,false,false,null,null,null,null,true,true,'1',null),
	('0FST-4','firstclass','175.0',false,false,false,false,null,null,null,null,true,true,'1',null),
	('0FST-5','firstclass','172.0',false,false,false,false,null,null,null,null,true,true,'1',null),
	('0FST-6','firstclass','167.0',false,false,false,false,null,null,null,null,true,true,'1',null),
	('0FST-7','firstclass','209.0',false,false,false,false,null,null,null,null,true,true,'1',null),
	('0FST-8','firstclass','188.0',false,false,false,false,null,null,null,null,true,true,'1',null),
	('0FST-9','firstclass','220.0',false,false,false,false,null,null,null,null,true,true,'1',null),
	('1ECO-0','economy','87.0',false,false,false,false,null,null,null,null,true,true,'2',null),
	('1ECO-1','economy','114.0',false,false,false,false,null,null,null,null,true,true,'2',null),
	('1ECO-2','economy','92.0',false,false,false,false,null,null,null,null,true,true,'2',null),
	('1ECO-3','economy','88.0',false,false,false,false,null,null,null,null,true,true,'2',null),
	('1ECO-4','economy','103.0',false,false,false,false,null,null,null,null,true,true,'2',null),
	('1ECO-5','economy','120.0',false,false,false,false,null,null,null,null,true,true,'2',null),
	('1ECO-6','economy','96.0',false,false,false,false,null,null,null,null,true,true,'2',null),
	('1ECO-7','economy','117.0',false,false,false,false,null,null,null,null,true,true,'2',null),
	('1ECO-8','economy','119.0',false,false,false,false,null,null,null,null,true,true,'2',null),
	('1ECO-9','economy','107.0',false,false,false,false,null,null,null,null,true,true,'2',null),
	('1BUS-0','business','143.0',false,false,false,false,null,null,null,null,true,true,'2',null),
	('1BUS-1','business','157.0',false,false,false,false,null,null,null,null,true,true,'2',null),
	('1BUS-2','business','158.0',false,false,false,false,null,null,null,null,true,true,'2',null),
	('1BUS-3','business','161.0',false,false,false,false,null,null,null,null,true,true,'2',null),
	('1BUS-4','business','144.0',false,false,false,false,null,null,null,null,true,true,'2',null),
	('1BUS-5','business','155.0',false,false,false,false,null,null,null,null,true,true,'2',null),
	('1BUS-6','business','144.0',false,false,false,false,null,null,null,null,true,true,'2',null),
	('1BUS-7','business','159.0',false,false,false,false,null,null,null,null,true,true,'2',null),
	('1BUS-8','business','134.0',false,false,false,false,null,null,null,null,true,true,'2',null),
	('1BUS-9','business','132.0',false,false,false,false,null,null,null,null,true,true,'2',null),
	('1FST-0','firstclass','201.0',false,false,false,false,null,null,null,null,true,true,'2',null),
	('1FST-1','firstclass','189.0',false,false,false,false,null,null,null,null,true,true,'2',null),
	('1FST-2','firstclass','191.0',false,false,false,false,null,null,null,null,true,true,'2',null),
	('1FST-3','firstclass','207.0',false,false,false,false,null,null,null,null,true,true,'2',null),
	('1FST-4','firstclass','213.0',false,false,false,false,null,null,null,null,true,true,'2',null),
	('1FST-5','firstclass','219.0',false,false,false,false,null,null,null,null,true,true,'2',null),
	('1FST-6','firstclass','197.0',false,false,false,false,null,null,null,null,true,true,'2',null),
	('1FST-7','firstclass','179.0',false,false,false,false,null,null,null,null,true,true,'2',null),
	('1FST-8','firstclass','190.0',false,false,false,false,null,null,null,null,true,true,'2',null),
	('1FST-9','firstclass','180.0',false,false,false,false,null,null,null,null,true,true,'2',null),
	('2ECO-0','economy','117.0',false,false,false,false,null,null,null,null,true,true,'3',null),
	('2ECO-1','economy','82.0',false,false,false,false,null,null,null,null,true,true,'3',null),
	('2ECO-2','economy','107.0',false,false,false,false,null,null,null,null,true,true,'3',null),
	('2ECO-3','economy','114.0',false,false,false,false,null,null,null,null,true,true,'3',null),
	('2ECO-4','economy','99.0',false,false,false,false,null,null,null,null,true,true,'3',null),
	('2ECO-5','economy','116.0',false,false,false,false,null,null,null,null,true,true,'3',null),
	('2ECO-6','economy','85.0',false,false,false,false,null,null,null,null,true,true,'3',null),
	('2ECO-7','economy','120.0',false,false,false,false,null,null,null,null,true,true,'3',null),
	('2ECO-8','economy','92.0',false,false,false,false,null,null,null,null,true,true,'3',null),
	('2ECO-9','economy','103.0',false,false,false,false,null,null,null,null,true,true,'3',null),
	('2BUS-0','business','156.0',false,false,false,false,null,null,null,null,true,true,'3',null),
	('2BUS-1','business','162.0',false,false,false,false,null,null,null,null,true,true,'3',null),
	('2BUS-2','business','136.0',false,false,false,false,null,null,null,null,true,true,'3',null),
	('2BUS-3','business','156.0',false,false,false,false,null,null,null,null,true,true,'3',null),
	('2BUS-4','business','163.0',false,false,false,false,null,null,null,null,true,true,'3',null),
	('2BUS-5','business','132.0',false,false,false,false,null,null,null,null,true,true,'3',null),
	('2BUS-6','business','154.0',false,false,false,false,null,null,null,null,true,true,'3',null),
	('2BUS-7','business','146.0',false,false,false,false,null,null,null,null,true,true,'3',null),
	('2BUS-8','business','143.0',false,false,false,false,null,null,null,null,true,true,'3',null),
	('2BUS-9','business','153.0',false,false,false,false,null,null,null,null,true,true,'3',null),
	('2FST-0','firstclass','197.0',false,false,false,false,null,null,null,null,true,true,'3',null),
	('2FST-1','firstclass','220.0',false,false,false,false,null,null,null,null,true,true,'3',null),
	('2FST-2','firstclass','221.0',false,false,false,false,null,null,null,null,true,true,'3',null),
	('2FST-3','firstclass','220.0',false,false,false,false,null,null,null,null,true,true,'3',null),
	('2FST-4','firstclass','220.0',false,false,false,false,null,null,null,null,true,true,'3',null),
	('2FST-5','firstclass','197.0',false,false,false,false,null,null,null,null,true,true,'3',null),
	('2FST-6','firstclass','205.0',false,false,false,false,null,null,null,null,true,true,'3',null),
	('2FST-7','firstclass','208.0',false,false,false,false,null,null,null,null,true,true,'3',null),
	('2FST-8','firstclass','172.0',false,false,false,false,null,null,null,null,true,true,'3',null),
	('2FST-9','firstclass','182.0',false,false,false,false,null,null,null,null,true,true,'3',null),
	('3ECO-0','economy','75.0',false,false,false,false,null,null,null,null,true,true,'4',null),
	('3ECO-1','economy','103.0',false,false,false,false,null,null,null,null,true,true,'4',null),
	('3ECO-2','economy','104.0',false,false,false,false,null,null,null,null,true,true,'4',null),
	('3ECO-3','economy','119.0',false,false,false,false,null,null,null,null,true,true,'4',null),
	('3ECO-4','economy','112.0',false,false,false,false,null,null,null,null,true,true,'4',null),
	('3ECO-5','economy','107.0',false,false,false,false,null,null,null,null,true,true,'4',null),
	('3ECO-6','economy','121.0',false,false,false,false,null,null,null,null,true,true,'4',null),
	('3ECO-7','economy','104.0',false,false,false,false,null,null,null,null,true,true,'4',null),
	('3ECO-8','economy','122.0',false,false,false,false,null,null,null,null,true,true,'4',null),
	('3ECO-9','economy','104.0',false,false,false,false,null,null,null,null,true,true,'4',null),
	('3BUS-0','business','154.0',false,false,false,false,null,null,null,null,true,true,'4',null),
	('3BUS-1','business','141.0',false,false,false,false,null,null,null,null,true,true,'4',null),
	('3BUS-2','business','133.0',false,false,false,false,null,null,null,null,true,true,'4',null),
	('3BUS-3','business','155.0',false,false,false,false,null,null,null,null,true,true,'4',null),
	('3BUS-4','business','138.0',false,false,false,false,null,null,null,null,true,true,'4',null),
	('3BUS-5','business','160.0',false,false,false,false,null,null,null,null,true,true,'4',null),
	('3BUS-6','business','131.0',false,false,false,false,null,null,null,null,true,true,'4',null),
	('3BUS-7','business','162.0',false,false,false,false,null,null,null,null,true,true,'4',null),
	('3BUS-8','business','161.0',false,false,false,false,null,null,null,null,true,true,'4',null),
	('3BUS-9','business','150.0',false,false,false,false,null,null,null,null,true,true,'4',null),
	('3FST-0','firstclass','181.0',false,false,false,false,null,null,null,null,true,true,'4',null),
	('3FST-1','firstclass','206.0',false,false,false,false,null,null,null,null,true,true,'4',null),
	('3FST-2','firstclass','212.0',false,false,false,false,null,null,null,null,true,true,'4',null),
	('3FST-3','firstclass','186.0',false,false,false,false,null,null,null,null,true,true,'4',null),
	('3FST-4','firstclass','213.0',false,false,false,false,null,null,null,null,true,true,'4',null),
	('3FST-5','firstclass','192.0',false,false,false,false,null,null,null,null,true,true,'4',null),
	('3FST-6','firstclass','167.0',false,false,false,false,null,null,null,null,true,true,'4',null),
	('3FST-7','firstclass','217.0',false,false,false,false,null,null,null,null,true,true,'4',null),
	('3FST-8','firstclass','201.0',false,false,false,false,null,null,null,null,true,true,'4',null),
	('3FST-9','firstclass','221.0',false,false,false,false,null,null,null,null,true,true,'4',null),
	('4ECO-0','economy','80.0',false,false,false,false,null,null,null,null,true,true,'5',null),
	('4ECO-1','economy','97.0',false,false,false,false,null,null,null,null,true,true,'5',null),
	('4ECO-2','economy','95.0',false,false,false,false,null,null,null,null,true,true,'5',null),
	('4ECO-3','economy','109.0',false,false,false,false,null,null,null,null,true,true,'5',null),
	('4ECO-4','economy','85.0',false,false,false,false,null,null,null,null,true,true,'5',null),
	('4ECO-5','economy','86.0',false,false,false,false,null,null,null,null,true,true,'5',null),
	('4ECO-6','economy','75.0',false,false,false,false,null,null,null,null,true,true,'5',null),
	('4ECO-7','economy','93.0',false,false,false,false,null,null,null,null,true,true,'5',null),
	('4ECO-8','economy','93.0',false,false,false,false,null,null,null,null,true,true,'5',null),
	('4ECO-9','economy','123.0',false,false,false,false,null,null,null,null,true,true,'5',null),
	('4BUS-0','business','142.0',false,false,false,false,null,null,null,null,true,true,'5',null),
	('4BUS-1','business','141.0',false,false,false,false,null,null,null,null,true,true,'5',null),
	('4BUS-2','business','150.0',false,false,false,false,null,null,null,null,true,true,'5',null),
	('4BUS-3','business','146.0',false,false,false,false,null,null,null,null,true,true,'5',null),
	('4BUS-4','business','125.0',false,false,false,false,null,null,null,null,true,true,'5',null),
	('4BUS-5','business','146.0',false,false,false,false,null,null,null,null,true,true,'5',null),
	('4BUS-6','business','144.0',false,false,false,false,null,null,null,null,true,true,'5',null),
	('4BUS-7','business','158.0',false,false,false,false,null,null,null,null,true,true,'5',null),
	('4BUS-8','business','147.0',false,false,false,false,null,null,null,null,true,true,'5',null),
	('4BUS-9','business','164.0',false,false,false,false,null,null,null,null,true,true,'5',null),
	('4FST-0','firstclass','220.0',false,false,false,false,null,null,null,null,true,true,'5',null),
	('4FST-1','firstclass','210.0',false,false,false,false,null,null,null,null,true,true,'5',null),
	('4FST-2','firstclass','220.0',false,false,false,false,null,null,null,null,true,true,'5',null),
	('4FST-3','firstclass','203.0',false,false,false,false,null,null,null,null,true,true,'5',null),
	('4FST-4','firstclass','207.0',false,false,false,false,null,null,null,null,true,true,'5',null),
	('4FST-5','firstclass','189.0',false,false,false,false,null,null,null,null,true,true,'5',null),
	('4FST-6','firstclass','182.0',false,false,false,false,null,null,null,null,true,true,'5',null),
	('4FST-7','firstclass','190.0',false,false,false,false,null,null,null,null,true,true,'5',null),
	('4FST-8','firstclass','169.0',false,false,false,false,null,null,null,null,true,true,'5',null),
	('4FST-9','firstclass','183.0',false,false,false,false,null,null,null,null,true,true,'5',null),
	('5ECO-0','economy','99.0',false,false,false,false,null,null,null,null,true,true,'6',null),
	('5ECO-1','economy','92.0',false,false,false,false,null,null,null,null,true,true,'6',null),
	('5ECO-2','economy','120.0',false,false,false,false,null,null,null,null,true,true,'6',null),
	('5ECO-3','economy','115.0',false,false,false,false,null,null,null,null,true,true,'6',null),
	('5ECO-4','economy','93.0',false,false,false,false,null,null,null,null,true,true,'6',null),
	('5ECO-5','economy','101.0',false,false,false,false,null,null,null,null,true,true,'6',null),
	('5ECO-6','economy','78.0',false,false,false,false,null,null,null,null,true,true,'6',null),
	('5ECO-7','economy','88.0',false,false,false,false,null,null,null,null,true,true,'6',null),
	('5ECO-8','economy','93.0',false,false,false,false,null,null,null,null,true,true,'6',null),
	('5ECO-9','economy','78.0',false,false,false,false,null,null,null,null,true,true,'6',null),
	('5BUS-0','business','131.0',false,false,false,false,null,null,null,null,true,true,'6',null),
	('5BUS-1','business','148.0',false,false,false,false,null,null,null,null,true,true,'6',null),
	('5BUS-2','business','139.0',false,false,false,false,null,null,null,null,true,true,'6',null),
	('5BUS-3','business','150.0',false,false,false,false,null,null,null,null,true,true,'6',null),
	('5BUS-4','business','158.0',false,false,false,false,null,null,null,null,true,true,'6',null),
	('5BUS-5','business','151.0',false,false,false,false,null,null,null,null,true,true,'6',null),
	('5BUS-6','business','126.0',false,false,false,false,null,null,null,null,true,true,'6',null),
	('5BUS-7','business','127.0',false,false,false,false,null,null,null,null,true,true,'6',null),
	('5BUS-8','business','161.0',false,false,false,false,null,null,null,null,true,true,'6',null),
	('5BUS-9','business','152.0',false,false,false,false,null,null,null,null,true,true,'6',null),
	('5FST-0','firstclass','206.0',false,false,false,false,null,null,null,null,true,true,'6',null),
	('5FST-1','firstclass','222.0',false,false,false,false,null,null,null,null,true,true,'6',null),
	('5FST-2','firstclass','170.0',false,false,false,false,null,null,null,null,true,true,'6',null),
	('5FST-3','firstclass','168.0',false,false,false,false,null,null,null,null,true,true,'6',null),
	('5FST-4','firstclass','213.0',false,false,false,false,null,null,null,null,true,true,'6',null),
	('5FST-5','firstclass','205.0',false,false,false,false,null,null,null,null,true,true,'6',null),
	('5FST-6','firstclass','178.0',false,false,false,false,null,null,null,null,true,true,'6',null),
	('5FST-7','firstclass','185.0',false,false,false,false,null,null,null,null,true,true,'6',null),
	('5FST-8','firstclass','208.0',false,false,false,false,null,null,null,null,true,true,'6',null),
	('5FST-9','firstclass','176.0',false,false,false,false,null,null,null,null,true,true,'6',null),
	('6ECO-0','economy','78.0',false,false,false,false,null,null,null,null,true,true,'7',null),
	('6ECO-1','economy','86.0',false,false,false,false,null,null,null,null,true,true,'7',null),
	('6ECO-2','economy','81.0',false,false,false,false,null,null,null,null,true,true,'7',null),
	('6ECO-3','economy','107.0',false,false,false,false,null,null,null,null,true,true,'7',null),
	('6ECO-4','economy','88.0',false,false,false,false,null,null,null,null,true,true,'7',null),
	('6ECO-5','economy','109.0',false,false,false,false,null,null,null,null,true,true,'7',null),
	('6ECO-6','economy','91.0',false,false,false,false,null,null,null,null,true,true,'7',null),
	('6ECO-7','economy','88.0',false,false,false,false,null,null,null,null,true,true,'7',null),
	('6ECO-8','economy','98.0',false,false,false,false,null,null,null,null,true,true,'7',null),
	('6ECO-9','economy','108.0',false,false,false,false,null,null,null,null,true,true,'7',null),
	('6BUS-0','business','134.0',false,false,false,false,null,null,null,null,true,true,'7',null),
	('6BUS-1','business','163.0',false,false,false,false,null,null,null,null,true,true,'7',null),
	('6BUS-2','business','137.0',false,false,false,false,null,null,null,null,true,true,'7',null),
	('6BUS-3','business','127.0',false,false,false,false,null,null,null,null,true,true,'7',null),
	('6BUS-4','business','159.0',false,false,false,false,null,null,null,null,true,true,'7',null),
	('6BUS-5','business','135.0',false,false,false,false,null,null,null,null,true,true,'7',null),
	('6BUS-6','business','125.0',false,false,false,false,null,null,null,null,true,true,'7',null),
	('6BUS-7','business','133.0',false,false,false,false,null,null,null,null,true,true,'7',null),
	('6BUS-8','business','129.0',false,false,false,false,null,null,null,null,true,true,'7',null),
	('6BUS-9','business','128.0',false,false,false,false,null,null,null,null,true,true,'7',null),
	('6FST-0','firstclass','180.0',false,false,false,false,null,null,null,null,true,true,'7',null),
	('6FST-1','firstclass','174.0',false,false,false,false,null,null,null,null,true,true,'7',null),
	('6FST-2','firstclass','166.0',false,false,false,false,null,null,null,null,true,true,'7',null),
	('6FST-3','firstclass','207.0',false,false,false,false,null,null,null,null,true,true,'7',null),
	('6FST-4','firstclass','184.0',false,false,false,false,null,null,null,null,true,true,'7',null),
	('6FST-5','firstclass','219.0',false,false,false,false,null,null,null,null,true,true,'7',null),
	('6FST-6','firstclass','218.0',false,false,false,false,null,null,null,null,true,true,'7',null),
	('6FST-7','firstclass','191.0',false,false,false,false,null,null,null,null,true,true,'7',null),
	('6FST-8','firstclass','204.0',false,false,false,false,null,null,null,null,true,true,'7',null),
	('6FST-9','firstclass','204.0',false,false,false,false,null,null,null,null,true,true,'7',null),
	('7ECO-0','economy','93.0',false,false,false,false,null,null,null,null,true,true,'8',null),
	('7ECO-1','economy','77.0',false,false,false,false,null,null,null,null,true,true,'8',null),
	('7ECO-2','economy','82.0',false,false,false,false,null,null,null,null,true,true,'8',null),
	('7ECO-3','economy','82.0',false,false,false,false,null,null,null,null,true,true,'8',null),
	('7ECO-4','economy','96.0',false,false,false,false,null,null,null,null,true,true,'8',null),
	('7ECO-5','economy','81.0',false,false,false,false,null,null,null,null,true,true,'8',null),
	('7ECO-6','economy','101.0',false,false,false,false,null,null,null,null,true,true,'8',null),
	('7ECO-7','economy','83.0',false,false,false,false,null,null,null,null,true,true,'8',null),
	('7ECO-8','economy','76.0',false,false,false,false,null,null,null,null,true,true,'8',null),
	('7ECO-9','economy','116.0',false,false,false,false,null,null,null,null,true,true,'8',null),
	('7BUS-0','business','125.0',false,false,false,false,null,null,null,null,true,true,'8',null),
	('7BUS-1','business','144.0',false,false,false,false,null,null,null,null,true,true,'8',null),
	('7BUS-2','business','154.0',false,false,false,false,null,null,null,null,true,true,'8',null),
	('7BUS-3','business','151.0',false,false,false,false,null,null,null,null,true,true,'8',null),
	('7BUS-4','business','129.0',false,false,false,false,null,null,null,null,true,true,'8',null),
	('7BUS-5','business','130.0',false,false,false,false,null,null,null,null,true,true,'8',null),
	('7BUS-6','business','146.0',false,false,false,false,null,null,null,null,true,true,'8',null),
	('7BUS-7','business','162.0',false,false,false,false,null,null,null,null,true,true,'8',null),
	('7BUS-8','business','129.0',false,false,false,false,null,null,null,null,true,true,'8',null),
	('7BUS-9','business','149.0',false,false,false,false,null,null,null,null,true,true,'8',null),
	('7FST-0','firstclass','190.0',false,false,false,false,null,null,null,null,true,true,'8',null),
	('7FST-1','firstclass','180.0',false,false,false,false,null,null,null,null,true,true,'8',null),
	('7FST-2','firstclass','167.0',false,false,false,false,null,null,null,null,true,true,'8',null),
	('7FST-3','firstclass','185.0',false,false,false,false,null,null,null,null,true,true,'8',null),
	('7FST-4','firstclass','217.0',false,false,false,false,null,null,null,null,true,true,'8',null),
	('7FST-5','firstclass','221.0',false,false,false,false,null,null,null,null,true,true,'8',null),
	('7FST-6','firstclass','203.0',false,false,false,false,null,null,null,null,true,true,'8',null),
	('7FST-7','firstclass','211.0',false,false,false,false,null,null,null,null,true,true,'8',null),
	('7FST-8','firstclass','173.0',false,false,false,false,null,null,null,null,true,true,'8',null),
	('7FST-9','firstclass','193.0',false,false,false,false,null,null,null,null,true,true,'8',null),
	('8ECO-0','economy','90.0',false,false,false,false,null,null,null,null,true,true,'9',null),
	('8ECO-1','economy','94.0',false,false,false,false,null,null,null,null,true,true,'9',null),
	('8ECO-2','economy','92.0',false,false,false,false,null,null,null,null,true,true,'9',null),
	('8ECO-3','economy','96.0',false,false,false,false,null,null,null,null,true,true,'9',null),
	('8ECO-4','economy','79.0',false,false,false,false,null,null,null,null,true,true,'9',null),
	('8ECO-5','economy','81.0',false,false,false,false,null,null,null,null,true,true,'9',null),
	('8ECO-6','economy','124.0',false,false,false,false,null,null,null,null,true,true,'9',null),
	('8ECO-7','economy','113.0',false,false,false,false,null,null,null,null,true,true,'9',null),
	('8ECO-8','economy','94.0',false,false,false,false,null,null,null,null,true,true,'9',null),
	('8ECO-9','economy','116.0',false,false,false,false,null,null,null,null,true,true,'9',null),
	('8BUS-0','business','151.0',false,false,false,false,null,null,null,null,true,true,'9',null),
	('8BUS-1','business','153.0',false,false,false,false,null,null,null,null,true,true,'9',null),
	('8BUS-2','business','138.0',false,false,false,false,null,null,null,null,true,true,'9',null),
	('8BUS-3','business','131.0',false,false,false,false,null,null,null,null,true,true,'9',null),
	('8BUS-4','business','137.0',false,false,false,false,null,null,null,null,true,true,'9',null),
	('8BUS-5','business','158.0',false,false,false,false,null,null,null,null,true,true,'9',null),
	('8BUS-6','business','147.0',false,false,false,false,null,null,null,null,true,true,'9',null),
	('8BUS-7','business','161.0',false,false,false,false,null,null,null,null,true,true,'9',null),
	('8BUS-8','business','138.0',false,false,false,false,null,null,null,null,true,true,'9',null),
	('8BUS-9','business','143.0',false,false,false,false,null,null,null,null,true,true,'9',null),
	('8FST-0','firstclass','174.0',false,false,false,false,null,null,null,null,true,true,'9',null),
	('8FST-1','firstclass','165.0',false,false,false,false,null,null,null,null,true,true,'9',null),
	('8FST-2','firstclass','170.0',false,false,false,false,null,null,null,null,true,true,'9',null),
	('8FST-3','firstclass','173.0',false,false,false,false,null,null,null,null,true,true,'9',null),
	('8FST-4','firstclass','193.0',false,false,false,false,null,null,null,null,true,true,'9',null),
	('8FST-5','firstclass','197.0',false,false,false,false,null,null,null,null,true,true,'9',null),
	('8FST-6','firstclass','198.0',false,false,false,false,null,null,null,null,true,true,'9',null),
	('8FST-7','firstclass','175.0',false,false,false,false,null,null,null,null,true,true,'9',null),
	('8FST-8','firstclass','217.0',false,false,false,false,null,null,null,null,true,true,'9',null),
	('8FST-9','firstclass','189.0',false,false,false,false,null,null,null,null,true,true,'9',null),
	('9ECO-0','economy','80.0',false,false,false,false,null,null,null,null,true,true,'10',null),
	('9ECO-1','economy','122.0',false,false,false,false,null,null,null,null,true,true,'10',null),
	('9ECO-2','economy','85.0',false,false,false,false,null,null,null,null,true,true,'10',null),
	('9ECO-3','economy','97.0',false,false,false,false,null,null,null,null,true,true,'10',null),
	('9ECO-4','economy','115.0',false,false,false,false,null,null,null,null,true,true,'10',null),
	('9ECO-5','economy','93.0',false,false,false,false,null,null,null,null,true,true,'10',null),
	('9ECO-6','economy','80.0',false,false,false,false,null,null,null,null,true,true,'10',null),
	('9ECO-7','economy','101.0',false,false,false,false,null,null,null,null,true,true,'10',null),
	('9ECO-8','economy','110.0',false,false,false,false,null,null,null,null,true,true,'10',null),
	('9ECO-9','economy','94.0',false,false,false,false,null,null,null,null,true,true,'10',null),
	('9BUS-0','business','148.0',false,false,false,false,null,null,null,null,true,true,'10',null),
	('9BUS-1','business','154.0',false,false,false,false,null,null,null,null,true,true,'10',null),
	('9BUS-2','business','163.0',false,false,false,false,null,null,null,null,true,true,'10',null),
	('9BUS-3','business','163.0',false,false,false,false,null,null,null,null,true,true,'10',null),
	('9BUS-4','business','156.0',false,false,false,false,null,null,null,null,true,true,'10',null),
	('9BUS-5','business','158.0',false,false,false,false,null,null,null,null,true,true,'10',null),
	('9BUS-6','business','140.0',false,false,false,false,null,null,null,null,true,true,'10',null),
	('9BUS-7','business','160.0',false,false,false,false,null,null,null,null,true,true,'10',null),
	('9BUS-8','business','145.0',false,false,false,false,null,null,null,null,true,true,'10',null),
	('9BUS-9','business','147.0',false,false,false,false,null,null,null,null,true,true,'10',null),
	('9FST-0','firstclass','222.0',false,false,false,false,null,null,null,null,true,true,'10',null),
	('9FST-1','firstclass','183.0',false,false,false,false,null,null,null,null,true,true,'10',null),
	('9FST-2','firstclass','172.0',false,false,false,false,null,null,null,null,true,true,'10',null),
	('9FST-3','firstclass','223.0',false,false,false,false,null,null,null,null,true,true,'10',null),
	('9FST-4','firstclass','223.0',false,false,false,false,null,null,null,null,true,true,'10',null),
	('9FST-5','firstclass','209.0',false,false,false,false,null,null,null,null,true,true,'10',null),
	('9FST-6','firstclass','191.0',false,false,false,false,null,null,null,null,true,true,'10',null),
	('9FST-7','firstclass','192.0',false,false,false,false,null,null,null,null,true,true,'10',null),
	('9FST-8','firstclass','206.0',false,false,false,false,null,null,null,null,true,true,'10',null),
	('9FST-9','firstclass','216.0',false,false,false,false,null,null,null,null,true,true,'10',null),
	('10ECO-0','economy','114.0',false,false,false,false,null,null,null,null,true,true,'11',null),
	('10ECO-1','economy','88.0',false,false,false,false,null,null,null,null,true,true,'11',null),
	('10ECO-2','economy','118.0',false,false,false,false,null,null,null,null,true,true,'11',null),
	('10ECO-3','economy','103.0',false,false,false,false,null,null,null,null,true,true,'11',null),
	('10ECO-4','economy','86.0',false,false,false,false,null,null,null,null,true,true,'11',null),
	('10ECO-5','economy','94.0',false,false,false,false,null,null,null,null,true,true,'11',null),
	('10ECO-6','economy','92.0',false,false,false,false,null,null,null,null,true,true,'11',null),
	('10ECO-7','economy','87.0',false,false,false,false,null,null,null,null,true,true,'11',null),
	('10ECO-8','economy','123.0',false,false,false,false,null,null,null,null,true,true,'11',null),
	('10ECO-9','economy','124.0',false,false,false,false,null,null,null,null,true,true,'11',null),
	('10BUS-0','business','153.0',false,false,false,false,null,null,null,null,true,true,'11',null),
	('10BUS-1','business','135.0',false,false,false,false,null,null,null,null,true,true,'11',null),
	('10BUS-2','business','129.0',false,false,false,false,null,null,null,null,true,true,'11',null),
	('10BUS-3','business','155.0',false,false,false,false,null,null,null,null,true,true,'11',null),
	('10BUS-4','business','159.0',false,false,false,false,null,null,null,null,true,true,'11',null),
	('10BUS-5','business','146.0',false,false,false,false,null,null,null,null,true,true,'11',null),
	('10BUS-6','business','156.0',false,false,false,false,null,null,null,null,true,true,'11',null),
	('10BUS-7','business','162.0',false,false,false,false,null,null,null,null,true,true,'11',null),
	('10BUS-8','business','144.0',false,false,false,false,null,null,null,null,true,true,'11',null),
	('10BUS-9','business','130.0',false,false,false,false,null,null,null,null,true,true,'11',null),
	('10FST-0','firstclass','204.0',false,false,false,false,null,null,null,null,true,true,'11',null),
	('10FST-1','firstclass','168.0',false,false,false,false,null,null,null,null,true,true,'11',null),
	('10FST-2','firstclass','185.0',false,false,false,false,null,null,null,null,true,true,'11',null),
	('10FST-3','firstclass','194.0',false,false,false,false,null,null,null,null,true,true,'11',null),
	('10FST-4','firstclass','173.0',false,false,false,false,null,null,null,null,true,true,'11',null),
	('10FST-5','firstclass','211.0',false,false,false,false,null,null,null,null,true,true,'11',null),
	('10FST-6','firstclass','217.0',false,false,false,false,null,null,null,null,true,true,'11',null),
	('10FST-7','firstclass','223.0',false,false,false,false,null,null,null,null,true,true,'11',null),
	('10FST-8','firstclass','203.0',false,false,false,false,null,null,null,null,true,true,'11',null),
	('10FST-9','firstclass','196.0',false,false,false,false,null,null,null,null,true,true,'11',null),
	('11ECO-0','economy','118.0',false,false,false,false,null,null,null,null,true,true,'12',null),
	('11ECO-1','economy','113.0',false,false,false,false,null,null,null,null,true,true,'12',null),
	('11ECO-2','economy','87.0',false,false,false,false,null,null,null,null,true,true,'12',null),
	('11ECO-3','economy','83.0',false,false,false,false,null,null,null,null,true,true,'12',null),
	('11ECO-4','economy','86.0',false,false,false,false,null,null,null,null,true,true,'12',null),
	('11ECO-5','economy','116.0',false,false,false,false,null,null,null,null,true,true,'12',null),
	('11ECO-6','economy','89.0',false,false,false,false,null,null,null,null,true,true,'12',null),
	('11ECO-7','economy','93.0',false,false,false,false,null,null,null,null,true,true,'12',null),
	('11ECO-8','economy','112.0',false,false,false,false,null,null,null,null,true,true,'12',null),
	('11ECO-9','economy','112.0',false,false,false,false,null,null,null,null,true,true,'12',null),
	('11BUS-0','business','138.0',false,false,false,false,null,null,null,null,true,true,'12',null),
	('11BUS-1','business','152.0',false,false,false,false,null,null,null,null,true,true,'12',null),
	('11BUS-2','business','153.0',false,false,false,false,null,null,null,null,true,true,'12',null),
	('11BUS-3','business','154.0',false,false,false,false,null,null,null,null,true,true,'12',null),
	('11BUS-4','business','146.0',false,false,false,false,null,null,null,null,true,true,'12',null),
	('11BUS-5','business','128.0',false,false,false,false,null,null,null,null,true,true,'12',null),
	('11BUS-6','business','128.0',false,false,false,false,null,null,null,null,true,true,'12',null),
	('11BUS-7','business','153.0',false,false,false,false,null,null,null,null,true,true,'12',null),
	('11BUS-8','business','128.0',false,false,false,false,null,null,null,null,true,true,'12',null),
	('11BUS-9','business','162.0',false,false,false,false,null,null,null,null,true,true,'12',null),
	('11FST-0','firstclass','194.0',false,false,false,false,null,null,null,null,true,true,'12',null),
	('11FST-1','firstclass','169.0',false,false,false,false,null,null,null,null,true,true,'12',null),
	('11FST-2','firstclass','168.0',false,false,false,false,null,null,null,null,true,true,'12',null),
	('11FST-3','firstclass','180.0',false,false,false,false,null,null,null,null,true,true,'12',null),
	('11FST-4','firstclass','197.0',false,false,false,false,null,null,null,null,true,true,'12',null),
	('11FST-5','firstclass','205.0',false,false,false,false,null,null,null,null,true,true,'12',null),
	('11FST-6','firstclass','224.0',false,false,false,false,null,null,null,null,true,true,'12',null),
	('11FST-7','firstclass','202.0',false,false,false,false,null,null,null,null,true,true,'12',null),
	('11FST-8','firstclass','207.0',false,false,false,false,null,null,null,null,true,true,'12',null),
	('11FST-9','firstclass','205.0',false,false,false,false,null,null,null,null,true,true,'12',null),
	('12ECO-0','economy','82.0',false,false,false,false,null,null,null,null,true,true,'13',null),
	('12ECO-1','economy','105.0',false,false,false,false,null,null,null,null,true,true,'13',null),
	('12ECO-2','economy','99.0',false,false,false,false,null,null,null,null,true,true,'13',null),
	('12ECO-3','economy','109.0',false,false,false,false,null,null,null,null,true,true,'13',null),
	('12ECO-4','economy','114.0',false,false,false,false,null,null,null,null,true,true,'13',null),
	('12ECO-5','economy','88.0',false,false,false,false,null,null,null,null,true,true,'13',null),
	('12ECO-6','economy','123.0',false,false,false,false,null,null,null,null,true,true,'13',null),
	('12ECO-7','economy','92.0',false,false,false,false,null,null,null,null,true,true,'13',null),
	('12ECO-8','economy','124.0',false,false,false,false,null,null,null,null,true,true,'13',null),
	('12ECO-9','economy','91.0',false,false,false,false,null,null,null,null,true,true,'13',null),
	('12BUS-0','business','157.0',false,false,false,false,null,null,null,null,true,true,'13',null),
	('12BUS-1','business','127.0',false,false,false,false,null,null,null,null,true,true,'13',null),
	('12BUS-2','business','134.0',false,false,false,false,null,null,null,null,true,true,'13',null),
	('12BUS-3','business','157.0',false,false,false,false,null,null,null,null,true,true,'13',null),
	('12BUS-4','business','136.0',false,false,false,false,null,null,null,null,true,true,'13',null),
	('12BUS-5','business','139.0',false,false,false,false,null,null,null,null,true,true,'13',null),
	('12BUS-6','business','149.0',false,false,false,false,null,null,null,null,true,true,'13',null),
	('12BUS-7','business','164.0',false,false,false,false,null,null,null,null,true,true,'13',null),
	('12BUS-8','business','133.0',false,false,false,false,null,null,null,null,true,true,'13',null),
	('12BUS-9','business','125.0',false,false,false,false,null,null,null,null,true,true,'13',null),
	('12FST-0','firstclass','187.0',false,false,false,false,null,null,null,null,true,true,'13',null),
	('12FST-1','firstclass','190.0',false,false,false,false,null,null,null,null,true,true,'13',null),
	('12FST-2','firstclass','169.0',false,false,false,false,null,null,null,null,true,true,'13',null),
	('12FST-3','firstclass','221.0',false,false,false,false,null,null,null,null,true,true,'13',null),
	('12FST-4','firstclass','208.0',false,false,false,false,null,null,null,null,true,true,'13',null),
	('12FST-5','firstclass','182.0',false,false,false,false,null,null,null,null,true,true,'13',null),
	('12FST-6','firstclass','208.0',false,false,false,false,null,null,null,null,true,true,'13',null),
	('12FST-7','firstclass','190.0',false,false,false,false,null,null,null,null,true,true,'13',null),
	('12FST-8','firstclass','209.0',false,false,false,false,null,null,null,null,true,true,'13',null),
	('12FST-9','firstclass','185.0',false,false,false,false,null,null,null,null,true,true,'13',null),
	('13ECO-0','economy','87.0',false,false,false,false,null,null,null,null,true,true,'14',null),
	('13ECO-1','economy','106.0',false,false,false,false,null,null,null,null,true,true,'14',null),
	('13ECO-2','economy','78.0',false,false,false,false,null,null,null,null,true,true,'14',null),
	('13ECO-3','economy','116.0',false,false,false,false,null,null,null,null,true,true,'14',null),
	('13ECO-4','economy','119.0',false,false,false,false,null,null,null,null,true,true,'14',null),
	('13ECO-5','economy','92.0',false,false,false,false,null,null,null,null,true,true,'14',null),
	('13ECO-6','economy','90.0',false,false,false,false,null,null,null,null,true,true,'14',null),
	('13ECO-7','economy','82.0',false,false,false,false,null,null,null,null,true,true,'14',null),
	('13ECO-8','economy','109.0',false,false,false,false,null,null,null,null,true,true,'14',null),
	('13ECO-9','economy','107.0',false,false,false,false,null,null,null,null,true,true,'14',null),
	('13BUS-0','business','135.0',false,false,false,false,null,null,null,null,true,true,'14',null),
	('13BUS-1','business','142.0',false,false,false,false,null,null,null,null,true,true,'14',null),
	('13BUS-2','business','151.0',false,false,false,false,null,null,null,null,true,true,'14',null),
	('13BUS-3','business','138.0',false,false,false,false,null,null,null,null,true,true,'14',null),
	('13BUS-4','business','125.0',false,false,false,false,null,null,null,null,true,true,'14',null),
	('13BUS-5','business','134.0',false,false,false,false,null,null,null,null,true,true,'14',null),
	('13BUS-6','business','157.0',false,false,false,false,null,null,null,null,true,true,'14',null),
	('13BUS-7','business','127.0',false,false,false,false,null,null,null,null,true,true,'14',null),
	('13BUS-8','business','129.0',false,false,false,false,null,null,null,null,true,true,'14',null),
	('13BUS-9','business','155.0',false,false,false,false,null,null,null,null,true,true,'14',null),
	('13FST-0','firstclass','220.0',false,false,false,false,null,null,null,null,true,true,'14',null),
	('13FST-1','firstclass','174.0',false,false,false,false,null,null,null,null,true,true,'14',null),
	('13FST-2','firstclass','181.0',false,false,false,false,null,null,null,null,true,true,'14',null),
	('13FST-3','firstclass','188.0',false,false,false,false,null,null,null,null,true,true,'14',null),
	('13FST-4','firstclass','202.0',false,false,false,false,null,null,null,null,true,true,'14',null),
	('13FST-5','firstclass','194.0',false,false,false,false,null,null,null,null,true,true,'14',null),
	('13FST-6','firstclass','201.0',false,false,false,false,null,null,null,null,true,true,'14',null),
	('13FST-7','firstclass','169.0',false,false,false,false,null,null,null,null,true,true,'14',null),
	('13FST-8','firstclass','194.0',false,false,false,false,null,null,null,null,true,true,'14',null),
	('13FST-9','firstclass','223.0',false,false,false,false,null,null,null,null,true,true,'14',null),
	('14ECO-0','economy','111.0',false,false,false,false,null,null,null,null,true,true,'15',null),
	('14ECO-1','economy','84.0',false,false,false,false,null,null,null,null,true,true,'15',null),
	('14ECO-2','economy','115.0',false,false,false,false,null,null,null,null,true,true,'15',null),
	('14ECO-3','economy','76.0',false,false,false,false,null,null,null,null,true,true,'15',null),
	('14ECO-4','economy','105.0',false,false,false,false,null,null,null,null,true,true,'15',null),
	('14ECO-5','economy','114.0',false,false,false,false,null,null,null,null,true,true,'15',null),
	('14ECO-6','economy','110.0',false,false,false,false,null,null,null,null,true,true,'15',null),
	('14ECO-7','economy','101.0',false,false,false,false,null,null,null,null,true,true,'15',null),
	('14ECO-8','economy','80.0',false,false,false,false,null,null,null,null,true,true,'15',null),
	('14ECO-9','economy','90.0',false,false,false,false,null,null,null,null,true,true,'15',null),
	('14BUS-0','business','145.0',false,false,false,false,null,null,null,null,true,true,'15',null),
	('14BUS-1','business','127.0',false,false,false,false,null,null,null,null,true,true,'15',null),
	('14BUS-2','business','148.0',false,false,false,false,null,null,null,null,true,true,'15',null),
	('14BUS-3','business','160.0',false,false,false,false,null,null,null,null,true,true,'15',null),
	('14BUS-4','business','126.0',false,false,false,false,null,null,null,null,true,true,'15',null),
	('14BUS-5','business','145.0',false,false,false,false,null,null,null,null,true,true,'15',null),
	('14BUS-6','business','137.0',false,false,false,false,null,null,null,null,true,true,'15',null),
	('14BUS-7','business','151.0',false,false,false,false,null,null,null,null,true,true,'15',null),
	('14BUS-8','business','131.0',false,false,false,false,null,null,null,null,true,true,'15',null),
	('14BUS-9','business','150.0',false,false,false,false,null,null,null,null,true,true,'15',null),
	('14FST-0','firstclass','220.0',false,false,false,false,null,null,null,null,true,true,'15',null),
	('14FST-1','firstclass','172.0',false,false,false,false,null,null,null,null,true,true,'15',null),
	('14FST-2','firstclass','195.0',false,false,false,false,null,null,null,null,true,true,'15',null),
	('14FST-3','firstclass','183.0',false,false,false,false,null,null,null,null,true,true,'15',null),
	('14FST-4','firstclass','188.0',false,false,false,false,null,null,null,null,true,true,'15',null),
	('14FST-5','firstclass','209.0',false,false,false,false,null,null,null,null,true,true,'15',null),
	('14FST-6','firstclass','175.0',false,false,false,false,null,null,null,null,true,true,'15',null),
	('14FST-7','firstclass','174.0',false,false,false,false,null,null,null,null,true,true,'15',null),
	('14FST-8','firstclass','208.0',false,false,false,false,null,null,null,null,true,true,'15',null),
	('14FST-9','firstclass','178.0',false,false,false,false,null,null,null,null,true,true,'15',null),
	('15ECO-0','economy','99.0',false,false,false,false,null,null,null,null,true,true,'16',null),
	('15ECO-1','economy','119.0',false,false,false,false,null,null,null,null,true,true,'16',null),
	('15ECO-2','economy','110.0',false,false,false,false,null,null,null,null,true,true,'16',null),
	('15ECO-3','economy','75.0',false,false,false,false,null,null,null,null,true,true,'16',null),
	('15ECO-4','economy','99.0',false,false,false,false,null,null,null,null,true,true,'16',null),
	('15ECO-5','economy','124.0',false,false,false,false,null,null,null,null,true,true,'16',null),
	('15ECO-6','economy','87.0',false,false,false,false,null,null,null,null,true,true,'16',null),
	('15ECO-7','economy','120.0',false,false,false,false,null,null,null,null,true,true,'16',null),
	('15ECO-8','economy','101.0',false,false,false,false,null,null,null,null,true,true,'16',null),
	('15ECO-9','economy','98.0',false,false,false,false,null,null,null,null,true,true,'16',null),
	('15BUS-0','business','133.0',false,false,false,false,null,null,null,null,true,true,'16',null),
	('15BUS-1','business','158.0',false,false,false,false,null,null,null,null,true,true,'16',null),
	('15BUS-2','business','142.0',false,false,false,false,null,null,null,null,true,true,'16',null),
	('15BUS-3','business','161.0',false,false,false,false,null,null,null,null,true,true,'16',null),
	('15BUS-4','business','131.0',false,false,false,false,null,null,null,null,true,true,'16',null),
	('15BUS-5','business','151.0',false,false,false,false,null,null,null,null,true,true,'16',null),
	('15BUS-6','business','130.0',false,false,false,false,null,null,null,null,true,true,'16',null),
	('15BUS-7','business','130.0',false,false,false,false,null,null,null,null,true,true,'16',null),
	('15BUS-8','business','140.0',false,false,false,false,null,null,null,null,true,true,'16',null),
	('15BUS-9','business','152.0',false,false,false,false,null,null,null,null,true,true,'16',null),
	('15FST-0','firstclass','173.0',false,false,false,false,null,null,null,null,true,true,'16',null),
	('15FST-1','firstclass','196.0',false,false,false,false,null,null,null,null,true,true,'16',null),
	('15FST-2','firstclass','192.0',false,false,false,false,null,null,null,null,true,true,'16',null),
	('15FST-3','firstclass','201.0',false,false,false,false,null,null,null,null,true,true,'16',null),
	('15FST-4','firstclass','197.0',false,false,false,false,null,null,null,null,true,true,'16',null),
	('15FST-5','firstclass','207.0',false,false,false,false,null,null,null,null,true,true,'16',null),
	('15FST-6','firstclass','207.0',false,false,false,false,null,null,null,null,true,true,'16',null),
	('15FST-7','firstclass','176.0',false,false,false,false,null,null,null,null,true,true,'16',null),
	('15FST-8','firstclass','205.0',false,false,false,false,null,null,null,null,true,true,'16',null),
	('15FST-9','firstclass','182.0',false,false,false,false,null,null,null,null,true,true,'16',null),
	('16ECO-0','economy','104.0',false,false,false,false,null,null,null,null,true,true,'17',null),
	('16ECO-1','economy','76.0',false,false,false,false,null,null,null,null,true,true,'17',null),
	('16ECO-2','economy','79.0',false,false,false,false,null,null,null,null,true,true,'17',null),
	('16ECO-3','economy','89.0',false,false,false,false,null,null,null,null,true,true,'17',null),
	('16ECO-4','economy','94.0',false,false,false,false,null,null,null,null,true,true,'17',null),
	('16ECO-5','economy','102.0',false,false,false,false,null,null,null,null,true,true,'17',null),
	('16ECO-6','economy','94.0',false,false,false,false,null,null,null,null,true,true,'17',null),
	('16ECO-7','economy','103.0',false,false,false,false,null,null,null,null,true,true,'17',null),
	('16ECO-8','economy','82.0',false,false,false,false,null,null,null,null,true,true,'17',null),
	('16ECO-9','economy','79.0',false,false,false,false,null,null,null,null,true,true,'17',null),
	('16BUS-0','business','152.0',false,false,false,false,null,null,null,null,true,true,'17',null),
	('16BUS-1','business','146.0',false,false,false,false,null,null,null,null,true,true,'17',null),
	('16BUS-2','business','154.0',false,false,false,false,null,null,null,null,true,true,'17',null),
	('16BUS-3','business','135.0',false,false,false,false,null,null,null,null,true,true,'17',null),
	('16BUS-4','business','146.0',false,false,false,false,null,null,null,null,true,true,'17',null),
	('16BUS-5','business','164.0',false,false,false,false,null,null,null,null,true,true,'17',null),
	('16BUS-6','business','142.0',false,false,false,false,null,null,null,null,true,true,'17',null),
	('16BUS-7','business','162.0',false,false,false,false,null,null,null,null,true,true,'17',null),
	('16BUS-8','business','138.0',false,false,false,false,null,null,null,null,true,true,'17',null),
	('16BUS-9','business','153.0',false,false,false,false,null,null,null,null,true,true,'17',null),
	('16FST-0','firstclass','210.0',false,false,false,false,null,null,null,null,true,true,'17',null),
	('16FST-1','firstclass','185.0',false,false,false,false,null,null,null,null,true,true,'17',null),
	('16FST-2','firstclass','215.0',false,false,false,false,null,null,null,null,true,true,'17',null),
	('16FST-3','firstclass','217.0',false,false,false,false,null,null,null,null,true,true,'17',null),
	('16FST-4','firstclass','174.0',false,false,false,false,null,null,null,null,true,true,'17',null),
	('16FST-5','firstclass','190.0',false,false,false,false,null,null,null,null,true,true,'17',null),
	('16FST-6','firstclass','220.0',false,false,false,false,null,null,null,null,true,true,'17',null),
	('16FST-7','firstclass','187.0',false,false,false,false,null,null,null,null,true,true,'17',null),
	('16FST-8','firstclass','180.0',false,false,false,false,null,null,null,null,true,true,'17',null),
	('16FST-9','firstclass','177.0',false,false,false,false,null,null,null,null,true,true,'17',null),
	('17ECO-0','economy','101.0',false,false,false,false,null,null,null,null,true,true,'18',null),
	('17ECO-1','economy','111.0',false,false,false,false,null,null,null,null,true,true,'18',null),
	('17ECO-2','economy','116.0',false,false,false,false,null,null,null,null,true,true,'18',null),
	('17ECO-3','economy','116.0',false,false,false,false,null,null,null,null,true,true,'18',null),
	('17ECO-4','economy','104.0',false,false,false,false,null,null,null,null,true,true,'18',null),
	('17ECO-5','economy','80.0',false,false,false,false,null,null,null,null,true,true,'18',null),
	('17ECO-6','economy','76.0',false,false,false,false,null,null,null,null,true,true,'18',null),
	('17ECO-7','economy','80.0',false,false,false,false,null,null,null,null,true,true,'18',null),
	('17ECO-8','economy','86.0',false,false,false,false,null,null,null,null,true,true,'18',null),
	('17ECO-9','economy','111.0',false,false,false,false,null,null,null,null,true,true,'18',null),
	('17BUS-0','business','127.0',false,false,false,false,null,null,null,null,true,true,'18',null),
	('17BUS-1','business','147.0',false,false,false,false,null,null,null,null,true,true,'18',null),
	('17BUS-2','business','144.0',false,false,false,false,null,null,null,null,true,true,'18',null),
	('17BUS-3','business','132.0',false,false,false,false,null,null,null,null,true,true,'18',null),
	('17BUS-4','business','158.0',false,false,false,false,null,null,null,null,true,true,'18',null),
	('17BUS-5','business','159.0',false,false,false,false,null,null,null,null,true,true,'18',null),
	('17BUS-6','business','154.0',false,false,false,false,null,null,null,null,true,true,'18',null),
	('17BUS-7','business','129.0',false,false,false,false,null,null,null,null,true,true,'18',null),
	('17BUS-8','business','163.0',false,false,false,false,null,null,null,null,true,true,'18',null),
	('17BUS-9','business','141.0',false,false,false,false,null,null,null,null,true,true,'18',null),
	('17FST-0','firstclass','202.0',false,false,false,false,null,null,null,null,true,true,'18',null),
	('17FST-1','firstclass','166.0',false,false,false,false,null,null,null,null,true,true,'18',null),
	('17FST-2','firstclass','223.0',false,false,false,false,null,null,null,null,true,true,'18',null),
	('17FST-3','firstclass','218.0',false,false,false,false,null,null,null,null,true,true,'18',null),
	('17FST-4','firstclass','187.0',false,false,false,false,null,null,null,null,true,true,'18',null),
	('17FST-5','firstclass','206.0',false,false,false,false,null,null,null,null,true,true,'18',null),
	('17FST-6','firstclass','193.0',false,false,false,false,null,null,null,null,true,true,'18',null),
	('17FST-7','firstclass','189.0',false,false,false,false,null,null,null,null,true,true,'18',null),
	('17FST-8','firstclass','174.0',false,false,false,false,null,null,null,null,true,true,'18',null),
	('17FST-9','firstclass','175.0',false,false,false,false,null,null,null,null,true,true,'18',null),
	('18ECO-0','economy','123.0',false,false,false,false,null,null,null,null,true,true,'19',null),
	('18ECO-1','economy','93.0',false,false,false,false,null,null,null,null,true,true,'19',null),
	('18ECO-2','economy','96.0',false,false,false,false,null,null,null,null,true,true,'19',null),
	('18ECO-3','economy','106.0',false,false,false,false,null,null,null,null,true,true,'19',null),
	('18ECO-4','economy','83.0',false,false,false,false,null,null,null,null,true,true,'19',null),
	('18ECO-5','economy','107.0',false,false,false,false,null,null,null,null,true,true,'19',null),
	('18ECO-6','economy','96.0',false,false,false,false,null,null,null,null,true,true,'19',null),
	('18ECO-7','economy','113.0',false,false,false,false,null,null,null,null,true,true,'19',null),
	('18ECO-8','economy','98.0',false,false,false,false,null,null,null,null,true,true,'19',null),
	('18ECO-9','economy','93.0',false,false,false,false,null,null,null,null,true,true,'19',null),
	('18BUS-0','business','135.0',false,false,false,false,null,null,null,null,true,true,'19',null),
	('18BUS-1','business','160.0',false,false,false,false,null,null,null,null,true,true,'19',null),
	('18BUS-2','business','130.0',false,false,false,false,null,null,null,null,true,true,'19',null),
	('18BUS-3','business','127.0',false,false,false,false,null,null,null,null,true,true,'19',null),
	('18BUS-4','business','143.0',false,false,false,false,null,null,null,null,true,true,'19',null),
	('18BUS-5','business','125.0',false,false,false,false,null,null,null,null,true,true,'19',null),
	('18BUS-6','business','145.0',false,false,false,false,null,null,null,null,true,true,'19',null),
	('18BUS-7','business','160.0',false,false,false,false,null,null,null,null,true,true,'19',null),
	('18BUS-8','business','153.0',false,false,false,false,null,null,null,null,true,true,'19',null),
	('18BUS-9','business','137.0',false,false,false,false,null,null,null,null,true,true,'19',null),
	('18FST-0','firstclass','190.0',false,false,false,false,null,null,null,null,true,true,'19',null),
	('18FST-1','firstclass','171.0',false,false,false,false,null,null,null,null,true,true,'19',null),
	('18FST-2','firstclass','212.0',false,false,false,false,null,null,null,null,true,true,'19',null),
	('18FST-3','firstclass','168.0',false,false,false,false,null,null,null,null,true,true,'19',null),
	('18FST-4','firstclass','205.0',false,false,false,false,null,null,null,null,true,true,'19',null),
	('18FST-5','firstclass','209.0',false,false,false,false,null,null,null,null,true,true,'19',null),
	('18FST-6','firstclass','213.0',false,false,false,false,null,null,null,null,true,true,'19',null),
	('18FST-7','firstclass','185.0',false,false,false,false,null,null,null,null,true,true,'19',null),
	('18FST-8','firstclass','214.0',false,false,false,false,null,null,null,null,true,true,'19',null),
	('18FST-9','firstclass','184.0',false,false,false,false,null,null,null,null,true,true,'19',null),
	('19ECO-0','economy','112.0',false,false,false,false,null,null,null,null,true,true,'20',null),
	('19ECO-1','economy','80.0',false,false,false,false,null,null,null,null,true,true,'20',null),
	('19ECO-2','economy','114.0',false,false,false,false,null,null,null,null,true,true,'20',null),
	('19ECO-3','economy','118.0',false,false,false,false,null,null,null,null,true,true,'20',null),
	('19ECO-4','economy','88.0',false,false,false,false,null,null,null,null,true,true,'20',null),
	('19ECO-5','economy','102.0',false,false,false,false,null,null,null,null,true,true,'20',null),
	('19ECO-6','economy','103.0',false,false,false,false,null,null,null,null,true,true,'20',null),
	('19ECO-7','economy','121.0',false,false,false,false,null,null,null,null,true,true,'20',null),
	('19ECO-8','economy','112.0',false,false,false,false,null,null,null,null,true,true,'20',null),
	('19ECO-9','economy','123.0',false,false,false,false,null,null,null,null,true,true,'20',null),
	('19BUS-0','business','135.0',false,false,false,false,null,null,null,null,true,true,'20',null),
	('19BUS-1','business','146.0',false,false,false,false,null,null,null,null,true,true,'20',null),
	('19BUS-2','business','135.0',false,false,false,false,null,null,null,null,true,true,'20',null),
	('19BUS-3','business','141.0',false,false,false,false,null,null,null,null,true,true,'20',null),
	('19BUS-4','business','132.0',false,false,false,false,null,null,null,null,true,true,'20',null),
	('19BUS-5','business','136.0',false,false,false,false,null,null,null,null,true,true,'20',null),
	('19BUS-6','business','128.0',false,false,false,false,null,null,null,null,true,true,'20',null),
	('19BUS-7','business','136.0',false,false,false,false,null,null,null,null,true,true,'20',null),
	('19BUS-8','business','125.0',false,false,false,false,null,null,null,null,true,true,'20',null),
	('19BUS-9','business','142.0',false,false,false,false,null,null,null,null,true,true,'20',null),
	('19FST-0','firstclass','223.0',false,false,false,false,null,null,null,null,true,true,'20',null),
	('19FST-1','firstclass','207.0',false,false,false,false,null,null,null,null,true,true,'20',null),
	('19FST-2','firstclass','219.0',false,false,false,false,null,null,null,null,true,true,'20',null),
	('19FST-3','firstclass','175.0',false,false,false,false,null,null,null,null,true,true,'20',null),
	('19FST-4','firstclass','182.0',false,false,false,false,null,null,null,null,true,true,'20',null),
	('19FST-5','firstclass','211.0',false,false,false,false,null,null,null,null,true,true,'20',null),
	('19FST-6','firstclass','221.0',false,false,false,false,null,null,null,null,true,true,'20',null),
	('19FST-7','firstclass','208.0',false,false,false,false,null,null,null,null,true,true,'20',null),
	('19FST-8','firstclass','191.0',false,false,false,false,null,null,null,null,true,true,'20',null),
	('19FST-9','firstclass','190.0',false,false,false,false,null,null,null,null,true,true,'20',null);